chain_id,residue_id,residue_name,property,ss_type,ss_code,accessibility,phi,psi,plddt,is_interface
A,1,ARG,positive,loop,-,0.3024193548387097,360.0,137.7,0.19,
A,2,ILE,nonpolar,sheet,E,0.27218934911242604,-109.7,129.9,0.15,
A,3,CYS,polar,sheet,E,0.0,-130.4,152.3,0.13,
A,4,PHE,nonpolar,sheet,E,0.08629441624365482,-71.3,154.7,0.13,
A,5,ASN,polar,loop,-,0.4012738853503185,-141.0,14.5,0.14,
A,6,HIS,positive,loop,-,0.04891304347826087,-81.8,152.4,0.15,
A,7,GLN,polar,loop,-,0.6262626262626263,-88.9,146.0,0.19,
A,8,SER,polar,loop,T,0.18461538461538463,37.4,-116.0,0.16,
A,9,SER,polar,loop,T,0.8846153846153846,-101.9,17.7,0.28,
A,10,GLN,polar,loop,S,0.5757575757575758,-68.1,167.4,0.24,
A,11,PRO,nonpolar,loop,P,0.7205882352941176,-58.4,142.3,0.28,
A,12,GLN,polar,loop,P,0.5959595959595959,-61.7,135.1,0.21,
A,13,THR,polar,loop,-,0.4647887323943662,-138.0,156.8,0.15,
A,14,THR,polar,sheet,E,0.5422535211267606,-134.2,163.0,0.23,
A,15,LYS,positive,sheet,E,0.4682926829268293,-136.3,146.7,0.36,
A,16,THR,polar,sheet,E,0.7535211267605634,-95.6,121.6,0.19,
A,17,CYS,polar,loop,P,0.05925925925925926,-76.1,162.3,0.19,
A,18,SER,polar,loop,P,0.6538461538461539,-60.0,152.8,0.31,
A,19,PRO,nonpolar,loop,T,1.0,-63.6,147.8,0.34,
A,20,GLY,nonpolar,loop,T,1.0,90.4,-7.0,0.36,
A,21,GLU,negative,loop,-,0.36082474226804123,-100.5,126.2,0.21,
A,22,SER,polar,loop,-,0.3769230769230769,-121.2,0.8,0.22,
A,23,SER,polar,loop,-,0.13846153846153847,-109.6,155.2,0.13,
A,24,CYS,polar,sheet,E,0.0,-123.6,157.6,0.12,
A,25,TYR,polar,sheet,E,0.13063063063063063,-137.2,159.1,0.12,
A,26,ASN,polar,sheet,E,0.08917197452229299,-132.5,122.0,0.18,
A,27,LYS,positive,sheet,E,0.2,-120.5,130.4,0.26,
A,28,GLN,polar,sheet,E,0.3333333333333333,-132.3,140.0,0.19,
A,29,TRP,nonpolar,sheet,E,0.34801762114537443,-152.8,-172.2,0.15,
A,30,SER,polar,sheet,E,0.7769230769230769,-136.8,153.2,0.15,
A,31,ASP,negative,sheet,E,0.34355828220858897,-148.4,-173.7,0.14,
A,32,PHE,nonpolar,loop,T,0.9746192893401016,-54.0,-27.8,0.14,
A,33,ARG,positive,loop,T,0.6169354838709677,-75.0,-20.1,0.14,
A,34,GLY,nonpolar,sheet,E,0.36904761904761907,128.3,-144.1,0.13,
A,35,THR,polar,sheet,E,0.5563380281690141,-82.4,128.9,0.19,
A,36,ILE,nonpolar,sheet,E,0.07100591715976332,-111.2,130.3,0.14,
A,37,ILE,nonpolar,sheet,E,0.14201183431952663,-125.6,129.3,0.17,
A,38,GLU,negative,sheet,E,0.3247422680412371,-112.4,136.8,0.18,
A,39,ARG,positive,sheet,E,0.06854838709677419,-130.7,147.2,0.13,
A,40,GLY,nonpolar,sheet,E,0.047619047619047616,-177.1,-166.9,0.12,
A,41,CYS,polar,sheet,E,0.17777777777777778,-92.3,147.2,0.14,
A,42,GLY,nonpolar,loop,S,0.08333333333333333,99.7,-169.1,0.13,
A,43,CYS,polar,loop,-,0.5037037037037037,-150.4,81.9,0.16,
A,44,PRO,nonpolar,loop,-,0.3382352941176471,-72.4,169.0,0.17,
A,45,THR,polar,loop,-,0.9577464788732394,-94.6,151.3,0.23,
A,46,VAL,nonpolar,loop,-,0.2605633802816901,-128.5,165.2,0.21,
A,47,LYS,positive,loop,-,0.7902439024390244,-70.6,150.7,0.52,
A,48,PRO,nonpolar,loop,T,0.9705882352941176,-59.6,136.2,0.4,
A,49,GLY,nonpolar,loop,T,0.9285714285714286,108.5,-27.8,0.2,
A,50,ILE,nonpolar,loop,-,0.20710059171597633,-81.7,132.6,0.22,
A,51,LYS,positive,sheet,E,0.5024390243902439,-81.3,128.1,0.33,
A,52,LEU,nonpolar,sheet,E,0.042682926829268296,-128.7,134.7,0.14,
A,53,SER,polar,sheet,E,0.16923076923076924,-132.7,139.5,0.13,
A,54,CYS,polar,sheet,E,0.1037037037037037,-126.3,141.8,0.11,
A,55,CYS,polar,sheet,E,0.037037037037037035,-140.8,153.2,0.11,
A,56,GLU,negative,loop,-,0.5515463917525774,-116.1,47.8,0.3,
A,57,SER,polar,loop,S,0.1076923076923077,-146.9,161.3,0.15,
A,58,GLU,negative,loop,T,0.4484536082474227,-54.9,138.5,0.17,
A,59,VAL,nonpolar,loop,T,0.3591549295774648,37.6,50.2,0.13,
A,60,CYS,polar,loop,-,0.15555555555555556,-90.7,-11.7,0.12,
A,61,ASN,polar,loop,-,0.0,-95.2,37.9,0.12,
A,62,ASN,polar,loop,-,0.8853503184713376,-50.0,360.0,0.35,
